benchmark,n,mean_ns_per_op,std_ns_per_op,ci95_ns_per_op,mean_tok_s,std_tok_s,ci95_tok_s
BenchmarkParallelForward_medium_b32/Parallel,5,64982566.400000,2908588.270503,2549490.027830,493.220000,21.466066,18.815837
BenchmarkParallelForward_medium_b32/ParallelZeroCopy,5,64298776.600000,971098.111105,851205.024587,497.760000,7.546721,6.614993
BenchmarkParallelForward_medium_b32/Serial,5,332476596.800000,8571390.808376,7513155.303625,96.298000,2.507692,2.198089
BenchmarkQSMoEForward,5,10009599.800000,204889.517108,179593.580147,NA,NA,NA
BenchmarkQSMoEForwardLarge,5,160866233.400000,3401682.506216,2981706.182134,NA,NA,NA
BenchmarkWorkspaceForward_medium_b32,5,291910267.800000,5431725.526504,4761117.344855,NA,NA,NA
